BEGIN;
SELECT (@@server_id) INTO @a;
SELECT @a;
@a
1
COMMIT;
